{
	"carName": "ferrari_488_gt3_evo",
	"basicSetup":
	{
		"tyres":
		{
			"tyreCompound": 0,
			"tyrePressure": [ 52, 63, 54, 62 ]
		},
		"alignment":
		{
			"camber": [ 2, 2, 4, 6 ],
			"toe": [ 30, 30, 50, 50 ],
			"staticCamber": [ -2.9338498115539551, -2.9327197074890137, -1.8196536302566528, -1.6088297367095947 ],
			"toeOutLinear": [ 0.00097830791492015123, 0.00099594565108418465, -0.00044885143870487809, -0.00044900411739945412 ],
			"casterLF": 46,
			"casterRF": 43,
			"steerRatio": 4
		},
		"electronics":
		{
			"tC1": 5,
			"tC2": 6,
			"abs": 5,
			"eCUMap": 0,
			"fuelMix": 0,
			"telemetryLaps": 3
		},
		"strategy":
		{
			"fuel": 11,
			"nPitStops": 0,
			"tyreSet": 4,
			"frontBrakePadCompound": 0,
			"rearBrakePadCompound": 0,
			"pitStrategy": [
				{
					"fuelToAdd": 85,
					"tyres":
					{
						"tyreCompound": 0,
						"tyrePressure": [ 52, 60, 54, 62 ]
					},
					"tyreSet": 9,
					"frontBrakePadCompound": 1,
					"rearBrakePadCompound": 1
				}
			],
			"fuelPerLap": 3.2828743457794189
		}
	},
	"advancedSetup":
	{
		"mechanicalBalance":
		{
			"aRBFront": 14,
			"aRBRear": 7,
			"wheelRate": [ 7, 7, 2, 2 ],
			"bumpStopRateUp": [ 15, 15, 10, 10 ],
			"bumpStopRateDn": [ 0, 0, 10, 10 ],
			"bumpStopWindow": [ 3, 3, 50, 50 ],
			"brakeTorque": 20,
			"brakeBias": 45
		},
		"dampers":
		{
			"bumpSlow": [ 8, 8, 9, 9 ],
			"bumpFast": [ 1, 1, 1, 1 ],
			"reboundSlow": [ 4, 4, 6, 6 ],
			"reboundFast": [ 5, 5, 5, 5 ]
		},
		"aeroBalance":
		{
			"rideHeight": [ 3, 6, 0, 18 ],
			"rodLength": [ -32.198829650878906, -32.198829650878906, -25.186201095581055, -25.186201095581055 ],
			"splitter": 0,
			"rearWing": 2,
			"brakeDuct": [ 3, 2 ]
		},
		"drivetrain":
		{
			"preload": 14
		}
	},
	"trackBopType": 25
}