{
	"carName": "porsche_991ii_gt3_r",
	"basicSetup":
	{
		"tyres":
		{
			"tyreCompound": 0,
			"tyrePressure": [ 46, 65, 37, 51 ]
		},
		"alignment":
		{
			"camber": [ 24, 24, 16, 16 ],
			"toe": [ 10, 10, 55, 55 ],
			"staticCamber": [ -5.301785945892334, -5.2919278144836426, -0.24676166474819183, -0.23603819310665131 ],
			"toeOutLinear": [ 0.00056326988851651549, 0.00056325481273233891, -0.0059534180909395218, -0.0059533300809562206 ],
			"casterLF": 33,
			"casterRF": 33,
			"steerRatio": 3
		},
		"electronics":
		{
			"tC1": 5,
			"tC2": 6,
			"abs": 6,
			"eCUMap": 7,
			"fuelMix": 0,
			"telemetryLaps": 0
		},
		"strategy":
		{
			"fuel": 13,
			"nPitStops": 0,
			"tyreSet": 7,
			"frontBrakePadCompound": 0,
			"rearBrakePadCompound": 0,
			"pitStrategy": [
				{
					"fuelToAdd": 52,
					"tyres":
					{
						"tyreCompound": 0,
						"tyrePressure": [ 52, 70, 47, 60 ]
					},
					"tyreSet": 3,
					"frontBrakePadCompound": 0,
					"rearBrakePadCompound": 0
				}
			],
			"fuelPerLap": 2.4410479068756104
		}
	},
	"advancedSetup":
	{
		"mechanicalBalance":
		{
			"aRBFront": 3,
			"aRBRear": 2,
			"wheelRate": [ 7, 7, 4, 4 ],
			"bumpStopRateUp": [ 9, 9, 7, 7 ],
			"bumpStopRateDn": [ 0, 0, 10, 10 ],
			"bumpStopWindow": [ 7, 7, 40, 40 ],
			"brakeTorque": 20,
			"brakeBias": 73
		},
		"dampers":
		{
			"bumpSlow": [ 9, 9, 7, 7 ],
			"bumpFast": [ 9, 9, 4, 4 ],
			"reboundSlow": [ 10, 10, 6, 6 ],
			"reboundFast": [ 7, 7, 11, 11 ]
		},
		"aeroBalance":
		{
			"rideHeight": [ 1, 11, 13, 18 ],
			"rodLength": [ 50.197460174560547, 50.197460174560547, -52.594654083251953, -52.594654083251953 ],
			"splitter": 3,
			"rearWing": 9,
			"brakeDuct": [ 4, 1 ]
		},
		"drivetrain":
		{
			"preload": 9
		}
	},
	"trackBopType": 9
}